<application>
  <component name="DatabaseSettings" version="10">
    <text-mode>
      <parameter-patterns>
        <parameter-pattern value="#(\w+)#" in-scripts="true" scope="XML" predefined="#name#" />
        <parameter-pattern value="(?&lt;=\W|\A)\$(\d+|[a-zA-Z_](?:\w|\.)*)\$?(?=\W|\z)" in-scripts="true" scope="*,-SQL" predefined="$a.b.c$?" />
        <parameter-pattern value="(?&lt;=\W|\A)#(\d+|[a-zA-Z_](?:\w|\.)*)#?(?=\W|\z)" in-scripts="true" scope="*,-SQL" predefined="#a.b.c#?" />
        <parameter-pattern value="%\((\w+)\)s" in-scripts="true" scope="Python" predefined="%(name)s" />
        <parameter-pattern value="%\w+" in-scripts="true" scope="JAVA,Python,PHP" predefined="%name" />
        <parameter-pattern value="\:\'.*\'" in-scripts="true" scope="PostgreSQL" predefined=":'name'" />
        <parameter-pattern value="(?&lt;![@&lt;])@[a-zA-Z0-9_]+" in-scripts="true" scope="C#, F#, -GenericSQL, -Oracle, -SQLite, -SQL92, -CassandraQL, -ClickHouse, -DB2, -DB2, -DB2_IS, -DB2_ZOS, -Derby, -Exasol, Greenplum, -H2, -HiveQL, -HSQLDB, -MariaDB, -TSQL, -AZURE, -MySQL, -MySQL, -MySQL, -OracleSqlPlus, -NetSuite, PostgreSQL, Redshift, Snowflake, -SparkSQL, -Sybase, Vertica, -BigQuery, -CouchbaseQuery, -MongoDB, Cockroach, -Redis, -Dynamo" />
        <parameter-pattern value="\$\{([^\{\}]*)\}" in-scripts="true" predefined="${name}" />
        <parameter-pattern value="\$\(([^\)]+)\)" in-scripts="true" predefined="$(name)" />
      </parameter-patterns>
    </text-mode>
    <csv-formats>
      <csv-format name="CSV" id="Comma-separated (CSV)_id">
        <data>
          <record-format prefix="" suffix="" nullText="" quotationPolicy="as needed" valueSeparator="," recordSeparator="&#10;">
            <quotation>
              <quotes left="&quot;" right="&quot;" leftEscaped="&quot;&quot;" rightEscaped="&quot;&quot;" />
              <quotes left="'" right="'" leftEscaped="''" rightEscaped="''" />
            </quotation>
          </record-format>
        </data>
      </csv-format>
      <csv-format name="TSV" id="Tab-separated (TSV)_id">
        <data>
          <record-format prefix="" suffix="" nullText="" quotationPolicy="as needed" valueSeparator="&#9;" recordSeparator="&#10;">
            <quotation>
              <quotes left="&quot;" right="&quot;" leftEscaped="&quot;&quot;" rightEscaped="&quot;&quot;" />
              <quotes left="'" right="'" leftEscaped="''" rightEscaped="''" />
            </quotation>
          </record-format>
        </data>
      </csv-format>
      <csv-format name="Pipe-separated" id="Pipe-separated_id">
        <data>
          <record-format prefix="" suffix="" nullText="" quotationPolicy="as needed" valueSeparator="|" recordSeparator="&#10;">
            <quotation>
              <quotes left="&quot;" right="&quot;" leftEscaped="&quot;&quot;" rightEscaped="&quot;&quot;" />
              <quotes left="'" right="'" leftEscaped="''" rightEscaped="''" />
            </quotation>
          </record-format>
        </data>
      </csv-format>
      <csv-format name="Semicolon-separated" id="Semicolon-separated_id">
        <data>
          <record-format prefix="" suffix="" nullText="" quotationPolicy="as needed" valueSeparator=";" recordSeparator="&#10;">
            <quotation>
              <quotes left="&quot;" right="&quot;" leftEscaped="&quot;&quot;" rightEscaped="&quot;&quot;" />
              <quotes left="'" right="'" leftEscaped="''" rightEscaped="''" />
            </quotation>
          </record-format>
        </data>
      </csv-format>
    </csv-formats>
  </component>
</application>