<application>
  <component name="WindowManager">
    <frame x="604" y="179" width="1400" height="1000" />
  </component>
  <component name="WindowStateApplicationService">
    <state x="1087" y="327" width="424" height="495" key="FileChooserDialogImpl" timestamp="1733334562597">
      <screen x="48" y="32" width="2512" height="1294" />
    </state>
    <state x="1087" y="327" width="424" height="495" key="FileChooserDialogImpl/48.32.2512.1294" timestamp="1733334562597" />
  </component>
</application>