<application>
  <component name="ProjectManager">
    <defaultProject>
      <component name="Encoding" addBOMForNewFiles="with BOM under Windows, with no BOM otherwise" />
      <component name="WindowStateProjectService">
        <state x="901" y="301" width="800" height="537" key="Rider.ProjectTemplateDialog.Size" timestamp="1707763396668">
          <screen x="52" y="27" width="2508" height="1294" />
        </state>
        <state x="901" y="301" width="800" height="537" key="Rider.ProjectTemplateDialog.Size/52.27.2508.1294" timestamp="1707763396668" />
      </component>
    </defaultProject>
  </component>
</application>