<application>
  <component name="Trusted.Paths">
    <option name="TRUSTED_PROJECT_PATHS">
      <map>
        <entry key="$USER_HOME$/git-local/financial-modelling" value="true" />
        <entry key="$USER_HOME$/git-local/financial-modelling/Platform" value="true" />
        <entry key="$USER_HOME$/git-local/financial-modelling/platform" value="true" />
        <entry key="$USER_HOME$/git-local/financial-modelling/platform/.idea/.idea.Platform" value="true" />
        <entry key="$USER_HOME$/git-local/financial-modelling/platform/.idea/.idea.platform" value="true" />
      </map>
    </option>
  </component>
</application>