<application>
  <component name="Trusted.Paths">
    <option name="TRUSTED_PROJECT_PATHS">
      <map>
        <entry key="$USER_HOME$/git-local/Lean" value="true" />
        <entry key="$USER_HOME$/git-local/Lean/.idea/.idea.QuantConnect.Lean" value="true" />
        <entry key="$USER_HOME$/git-local/SEFE-task/CandidateTests" value="true" />
        <entry key="$USER_HOME$/git-local/SEFE-task/CandidateTests/.idea/.idea.AssessmentLibrary" value="true" />
        <entry key="$USER_HOME$/git-local/financial-modelling" value="true" />
        <entry key="$USER_HOME$/git-local/financial-modelling/Platform" value="true" />
        <entry key="$USER_HOME$/git-local/financial-modelling/platform" value="true" />
        <entry key="$USER_HOME$/git-local/financial-modelling/platform/.idea/.idea.Platform" value="true" />
        <entry key="$USER_HOME$/git-local/financial-modelling/platform/.idea/.idea.platform" value="true" />
      </map>
    </option>
  </component>
</application>