<application>
  <component name="DimensionService">
    <location key="find.popup.0.0.2560.1321" x="983" y="162" />
    <size key="find.popup.0.0.2560.1321" width="716" height="634" />
    <size key="GridCell.Tab.0.left.0.0.2560.1329" width="1212" height="344" />
    <size key="GridCell.Tab.0.center.0.0.2560.1329" width="1212" height="344" />
    <size key="GridCell.Tab.0.right.0.0.2560.1329" width="1212" height="344" />
    <size key="GridCell.Tab.0.bottom.0.0.2560.1329" width="1212" height="344" />
    <size key="GridCell.Tab.1.left.0.0.2560.1329" width="1212" height="344" />
    <size key="GridCell.Tab.1.center.0.0.2560.1329" width="1212" height="344" />
    <size key="GridCell.Tab.1.right.0.0.2560.1329" width="1212" height="344" />
    <size key="GridCell.Tab.1.bottom.0.0.2560.1329" width="1212" height="344" />
    <size key="GridCell.Tab.2.left.0.0.2560.1329" width="1212" height="344" />
    <size key="GridCell.Tab.2.center.0.0.2560.1329" width="1212" height="344" />
    <size key="GridCell.Tab.2.right.0.0.2560.1329" width="1212" height="344" />
    <size key="GridCell.Tab.2.bottom.0.0.2560.1329" width="1212" height="344" />
    <size key="GridCell.Tab.3.left.0.0.2560.1329" width="1212" height="344" />
    <size key="GridCell.Tab.3.center.0.0.2560.1329" width="1212" height="344" />
    <size key="GridCell.Tab.3.right.0.0.2560.1329" width="1212" height="344" />
    <size key="GridCell.Tab.3.bottom.0.0.2560.1329" width="1212" height="344" />
    <size key="GridCell.Tab.4.left.0.0.2560.1329" width="1212" height="344" />
    <size key="GridCell.Tab.4.center.0.0.2560.1329" width="1212" height="344" />
    <size key="GridCell.Tab.4.right.0.0.2560.1329" width="1212" height="344" />
    <size key="GridCell.Tab.4.bottom.0.0.2560.1329" width="1212" height="344" />
    <size key="GridCell.Tab.5.left.0.0.2560.1329" width="1212" height="344" />
    <size key="GridCell.Tab.5.center.0.0.2560.1329" width="1212" height="344" />
    <size key="GridCell.Tab.5.right.0.0.2560.1329" width="1212" height="344" />
    <size key="GridCell.Tab.5.bottom.0.0.2560.1329" width="1212" height="344" />
  </component>
  <component name="WindowManager">
    <frame x="52" y="27" width="1868" height="934" extendedState="6" />
  </component>
</application>