<application>
  <component name="DimensionService">
    <location key="find.popup.0.0.2560.1321" x="983" y="162" />
    <size key="find.popup.0.0.2560.1321" width="716" height="634" />
    <size key="GridCell.Tab.0.left.0.0.2560.1329" width="1212" height="344" />
    <size key="GridCell.Tab.0.center.0.0.2560.1329" width="1212" height="344" />
    <size key="GridCell.Tab.0.right.0.0.2560.1329" width="1212" height="344" />
    <size key="GridCell.Tab.0.bottom.0.0.2560.1329" width="1212" height="344" />
    <size key="GridCell.Tab.1.left.0.0.2560.1329" width="1212" height="344" />
    <size key="GridCell.Tab.1.center.0.0.2560.1329" width="1212" height="344" />
    <size key="GridCell.Tab.1.right.0.0.2560.1329" width="1212" height="344" />
    <size key="GridCell.Tab.1.bottom.0.0.2560.1329" width="1212" height="344" />
    <size key="GridCell.Tab.2.left.0.0.2560.1329" width="1212" height="344" />
    <size key="GridCell.Tab.2.center.0.0.2560.1329" width="1212" height="344" />
    <size key="GridCell.Tab.2.right.0.0.2560.1329" width="1212" height="344" />
    <size key="GridCell.Tab.2.bottom.0.0.2560.1329" width="1212" height="344" />
    <size key="GridCell.Tab.3.left.0.0.2560.1329" width="1212" height="344" />
    <size key="GridCell.Tab.3.center.0.0.2560.1329" width="1212" height="344" />
    <size key="GridCell.Tab.3.right.0.0.2560.1329" width="1212" height="344" />
    <size key="GridCell.Tab.3.bottom.0.0.2560.1329" width="1212" height="344" />
    <size key="GridCell.Tab.4.left.0.0.2560.1329" width="1212" height="344" />
    <size key="GridCell.Tab.4.center.0.0.2560.1329" width="1212" height="344" />
    <size key="GridCell.Tab.4.right.0.0.2560.1329" width="1212" height="344" />
    <size key="GridCell.Tab.4.bottom.0.0.2560.1329" width="1212" height="344" />
    <size key="GridCell.Tab.5.left.0.0.2560.1329" width="1212" height="344" />
    <size key="GridCell.Tab.5.center.0.0.2560.1329" width="1212" height="344" />
    <size key="GridCell.Tab.5.right.0.0.2560.1329" width="1212" height="344" />
    <size key="GridCell.Tab.5.bottom.0.0.2560.1329" width="1212" height="344" />
    <size key="GridCell.Tab.0.left.0.0.2560.1326" width="2430" height="217" />
    <size key="GridCell.Tab.0.center.0.0.2560.1326" width="2430" height="217" />
    <size key="GridCell.Tab.0.right.0.0.2560.1326" width="2430" height="217" />
    <size key="GridCell.Tab.0.bottom.0.0.2560.1326" width="2430" height="217" />
    <size key="GridCell.Tab.1.left.0.0.2560.1326" width="2430" height="217" />
    <size key="GridCell.Tab.1.center.0.0.2560.1326" width="2430" height="217" />
    <size key="GridCell.Tab.1.right.0.0.2560.1326" width="2430" height="217" />
    <size key="GridCell.Tab.1.bottom.0.0.2560.1326" width="2430" height="217" />
    <size key="GridCell.Tab.2.left.0.0.2560.1326" width="2430" height="217" />
    <size key="GridCell.Tab.2.center.0.0.2560.1326" width="2430" height="217" />
    <size key="GridCell.Tab.2.right.0.0.2560.1326" width="2430" height="217" />
    <size key="GridCell.Tab.2.bottom.0.0.2560.1326" width="2430" height="217" />
    <size key="GridCell.Tab.3.left.0.0.2560.1326" width="2430" height="217" />
    <size key="GridCell.Tab.3.center.0.0.2560.1326" width="2430" height="217" />
    <size key="GridCell.Tab.3.right.0.0.2560.1326" width="2430" height="217" />
    <size key="GridCell.Tab.3.bottom.0.0.2560.1326" width="2430" height="217" />
    <size key="GridCell.Tab.4.left.0.0.2560.1326" width="2430" height="217" />
    <size key="GridCell.Tab.4.center.0.0.2560.1326" width="2430" height="217" />
    <size key="GridCell.Tab.4.right.0.0.2560.1326" width="2430" height="217" />
    <size key="GridCell.Tab.4.bottom.0.0.2560.1326" width="2430" height="217" />
    <size key="GridCell.Tab.5.left.0.0.2560.1326" width="2430" height="217" />
    <size key="GridCell.Tab.5.center.0.0.2560.1326" width="2430" height="217" />
    <size key="GridCell.Tab.5.right.0.0.2560.1326" width="2430" height="217" />
    <size key="GridCell.Tab.5.bottom.0.0.2560.1326" width="2430" height="217" />
    <size key="GridCell.Tab.6.left.0.0.2560.1326" width="2430" height="217" />
    <size key="GridCell.Tab.6.center.0.0.2560.1326" width="2430" height="217" />
    <size key="GridCell.Tab.6.right.0.0.2560.1326" width="2430" height="217" />
    <size key="GridCell.Tab.6.bottom.0.0.2560.1326" width="2430" height="217" />
    <size key="GridCell.Tab.0.left.0.0.2560.1374" width="1827" height="408" />
    <size key="GridCell.Tab.0.center.0.0.2560.1374" width="1827" height="408" />
    <size key="GridCell.Tab.0.right.0.0.2560.1374" width="1827" height="408" />
    <size key="GridCell.Tab.0.bottom.0.0.2560.1374" width="1827" height="408" />
    <size key="GridCell.Tab.1.left.0.0.2560.1374" width="1827" height="408" />
    <size key="GridCell.Tab.1.center.0.0.2560.1374" width="1827" height="408" />
    <size key="GridCell.Tab.1.right.0.0.2560.1374" width="1827" height="408" />
    <size key="GridCell.Tab.1.bottom.0.0.2560.1374" width="1827" height="408" />
    <size key="GridCell.Tab.2.left.0.0.2560.1374" width="1827" height="408" />
    <size key="GridCell.Tab.2.center.0.0.2560.1374" width="1827" height="408" />
    <size key="GridCell.Tab.2.right.0.0.2560.1374" width="1827" height="408" />
    <size key="GridCell.Tab.2.bottom.0.0.2560.1374" width="1827" height="408" />
    <size key="GridCell.Tab.3.left.0.0.2560.1374" width="1827" height="408" />
    <size key="GridCell.Tab.3.center.0.0.2560.1374" width="1827" height="408" />
    <size key="GridCell.Tab.3.right.0.0.2560.1374" width="1827" height="408" />
    <size key="GridCell.Tab.3.bottom.0.0.2560.1374" width="1827" height="408" />
    <size key="GridCell.Tab.4.left.0.0.2560.1374" width="1827" height="408" />
    <size key="GridCell.Tab.4.center.0.0.2560.1374" width="1827" height="408" />
    <size key="GridCell.Tab.4.right.0.0.2560.1374" width="1827" height="408" />
    <size key="GridCell.Tab.4.bottom.0.0.2560.1374" width="1827" height="408" />
    <size key="GridCell.Tab.5.left.0.0.2560.1374" width="1827" height="408" />
    <size key="GridCell.Tab.5.center.0.0.2560.1374" width="1827" height="408" />
    <size key="GridCell.Tab.5.right.0.0.2560.1374" width="1827" height="408" />
    <size key="GridCell.Tab.5.bottom.0.0.2560.1374" width="1827" height="408" />
    <size key="GridCell.Tab.6.left.0.0.2560.1374" width="1827" height="408" />
    <size key="GridCell.Tab.6.center.0.0.2560.1374" width="1827" height="408" />
    <size key="GridCell.Tab.6.right.0.0.2560.1374" width="1827" height="408" />
    <size key="GridCell.Tab.6.bottom.0.0.2560.1374" width="1827" height="408" />
  </component>
  <component name="WindowManager">
    <frame x="604" y="179" width="1400" height="1000" extendedState="6" />
  </component>
  <component name="WindowStateApplicationService">
    <state x="1087" y="328" width="424" height="495" key="FileChooserDialogImpl" timestamp="1733256095735">
      <screen x="48" y="32" width="2512" height="1294" />
    </state>
    <state x="1087" y="328" width="424" height="495" key="FileChooserDialogImpl/48.32.2512.1294" timestamp="1733256095735" />
    <state x="1089" y="324" width="424" height="495" key="FileChooserDialogImpl/52.27.2508.1299" timestamp="1728905431714" />
    <state x="1304" y="571" width="800" height="650" key="WELCOME_SCREEN" timestamp="1733256531806">
      <screen x="48" y="32" width="2512" height="1294" />
    </state>
    <state x="1304" y="571" width="800" height="650" key="WELCOME_SCREEN/48.32.2512.1294" timestamp="1733256531806" />
  </component>
</application>